id,part,module,exercise,activity,sequence,block_type,content_id,connection_id
100000,1,0,0,0,1,content,100000,
100001,1,0,0,0,2,content,100001,
100002,1,0,0,0,3,content,100002,
100003,1,0,0,0,4,content,100003,
100004,1,0,0,0,5,content,100004,
100005,1,0,0,0,6,content,100005,
100006,1,0,0,0,7,content,100006,
100007,1,0,0,0,8,content,100007,
100008,1,0,0,0,9,content,100008,
100009,1,1,0,0,10,content,100009,
100010,1,1,0,0,11,content,100010,
100011,1,1,0,0,12,content,100011,
100012,1,1,0,0,13,content,100012,
100013,1,1,0,0,14,content,100013,
100014,1,1,0,0,15,content,100014,
100015,1,1,0,0,16,content,100015,
100016,1,1,0,0,17,content,100016,
100017,1,1,0,0,18,content,100017,
100018,1,1,0,0,19,content,100018,
100019,1,1,0,0,20,content,100019,
100020,1,1,0,0,21,content,100020,
100021,1,1,0,0,22,content,100021,
100022,1,1,0,0,23,content,100022,
100023,1,1,0,0,24,content,100023,
100024,1,1,1,0,25,content,100024,
100025,1,1,1,1,26,content,100025,
100026,1,1,1,1,27,tool,100000,
100027,1,1,1,2,28,content,100026,
100028,1,1,1,2,29,tool,100000,100000
100029,1,1,1,3,30,content,100027,
100030,1,1,1,3,31,tool,100000,100001
100031,1,1,2,0,32,content,100028,
100032,1,1,2,1,33,content,100029,
100033,1,1,2,1,34,prompt,100000,100002
100034,1,1,2,2,35,content,100030,
100035,1,1,2,2,36,prompt,100001,
100036,1,1,2,3,37,content,100031,
100037,1,1,2,3,38,prompt,100002,
100038,1,1,2,4,39,content,100032,
100039,1,1,2,4,40,prompt,100003,
100040,1,1,2,5,41,content,100033,
100041,1,1,2,5,42,prompt,100004,
100042,1,1,2,6,43,content,100034,
100043,1,1,2,6,44,prompt,100005,
100044,1,1,2,7,45,content,100035,
100045,1,1,2,7,46,prompt,100006,
100046,1,1,2,8,47,content,100036,
100047,1,1,2,8,48,prompt,100007,
100048,1,1,2,9,49,content,100037,
100049,1,1,2,9,50,prompt,100008,
100050,1,1,2,10,51,content,100038,
100051,1,1,2,10,52,prompt,100009,
100052,1,1,3,0,53,content,100039,
100053,1,1,3,0,54,content,100040,
100054,1,1,3,0,55,content,100041,
100055,1,1,3,0,56,content,100042,
100056,1,1,3,0,57,content,100043,
100057,1,1,3,0,58,content,100044,
100058,1,1,3,0,59,content,100045,
100059,1,1,3,2,60,tool,100001,100003
100060,1,1,3,3,61,tool,100001,100004
100061,1,1,3,4,62,tool,100001,100005
100062,1,1,4,0,63,content,100046,
100063,1,1,4,0,64,tool,100000,100006
100064,1,1,5,0,65,content,100047,
100065,1,1,6,0,66,content,100048,
100066,1,1,7,0,67,content,100049,
100067,1,1,7,0,68,tool,100003,100007
100068,1,1,7,0,69,content,100050,
100069,1,1,7,0,70,content,100051,
100070,1,1,7,0,71,content,100052,
100071,1,1,7,0,72,content,100053,
100072,1,1,7,0,73,content,100054,
100073,1,1,7,0,74,content,100055,
100074,1,1,7,0,75,content,100056,
100075,1,1,7,0,76,content,100057,
100076,1,1,7,0,77,content,100058,
100077,1,1,7,0,78,content,100059,
100078,1,1,7,0,79,content,100060,
100079,1,1,7,0,80,content,100061,
100080,1,1,7,0,81,content,100062,
100081,1,1,7,0,82,content,100063,
100082,1,1,7,0,83,content,100064,
100083,1,1,7,0,84,content,100065,
100084,1,1,7,0,85,prompt,100010,
100085,1,1,7,0,86,content,100066,
100086,1,1,7,0,87,content,100067,
100087,1,1,7,0,88,content,100068,
100088,1,1,7,0,89,content,100069,
100089,1,1,7,0,90,prompt,100011,
100090,1,1,7,0,91,content,100070,
100091,1,1,7,0,92,content,100071,
100092,1,1,7,0,93,prompt,100012,
100093,1,1,7,0,94,content,100072,
100094,1,1,7,0,95,content,100073,
100095,1,1,7,0,96,prompt,100013,
100096,1,1,7,0,97,content,100074,
100097,1,1,7,0,98,content,100075,
100098,1,1,7,0,99,prompt,100014,
100099,1,1,7,0,100,content,100076,
100100,1,1,7,0,101,content,100077,
100101,1,1,1,0,102,content,100078,
100102,1,1,1,1,103,content,100079,
100103,1,1,1,1,104,content,100080,
100104,1,1,1,2,105,content,100081,
100105,1,1,1,2,106,content,100082,
100106,1,1,1,3,107,content,100083,
100107,1,1,1,3,108,content,100084,
100108,1,1,2,0,109,content,100085,
100109,1,1,2,0,110,prompt,100015,100008
100110,1,1,3,0,111,content,100086,
100111,1,1,3,0,112,content,100087,
100112,1,1,4,0,113,content,100088,
100113,1,1,5,0,114,content,100089,
100114,1,1,5,0,115,content,100090,
100115,1,1,5,0,116,prompt,100016,100009
100116,1,1,6,0,117,content,100091,
100117,1,1,6,0,118,content,100092,
100118,1,1,6,0,119,content,100093,
100119,1,1,6,0,120,content,100094,
100120,1,1,6,0,121,content,100095,
100121,1,1,6,0,122,content,100096,
100122,1,1,6,0,123,content,100097,
100123,1,1,6,0,124,content,100098,
100124,1,1,6,0,125,content,100099,
100125,1,1,6,0,126,content,100100,
100126,1,1,6,0,127,content,100101,
100127,1,1,1,0,128,content,100102,
100128,1,1,2,0,129,content,100103,
100129,1,1,3,0,130,content,100104,
100130,1,1,3,1,131,content,100105,
100131,1,1,3,1,132,tool,100000,100010
100132,1,1,3,2,133,content,100106,
100133,1,1,3,2,134,tool,100000,
100134,1,1,3,3,135,content,100107,
100135,1,1,3,3,136,tool,100000,
100136,1,1,3,4,137,content,100108,
100137,1,1,3,4,138,tool,100000,
100138,1,1,4,0,139,content,100109,
100139,1,1,4,0,140,tool,100000,
100140,1,1,5,0,141,content,100110,
100141,1,2,0,0,142,content,100111,
100142,1,2,0,0,143,content,100112,
100143,1,2,0,0,144,content,100113,
100144,1,2,0,0,145,content,100114,
100145,1,2,0,0,146,content,100115,
100146,1,2,0,0,147,content,100116,
100147,1,2,0,0,148,content,100117,
100148,1,2,0,0,149,content,100118,
100149,1,2,0,0,150,content,100119,
100150,1,2,0,0,151,content,100120,
100151,1,2,0,0,152,content,100121,
100152,1,2,0,0,153,content,100122,
100153,1,2,0,1,154,content,100123,
100154,1,2,0,1,155,prompt,100017,100011
100155,1,2,0,2,156,content,100124,
100156,1,2,0,2,157,prompt,100018,
100157,1,2,0,3,158,content,100125,
100158,1,2,0,3,159,prompt,100019,
100159,1,2,0,4,160,content,100126,
100160,1,2,0,4,161,prompt,100020,
100161,1,2,0,5,162,content,100127,
100162,1,2,0,5,163,prompt,100021,
100163,1,2,0,5,164,content,100128,
100164,1,2,0,1,165,content,100129,
100165,1,2,0,1,166,tool,100000,
100166,1,2,0,2,167,content,100130,
100167,1,2,0,2,168,tool,100000,
100168,1,2,0,3,169,content,100131,
100169,1,2,0,3,170,tool,100000,
100170,1,2,0,4,171,content,100132,
100171,1,2,0,4,172,tool,100003,
100172,1,2,0,4,173,content,100133,
100173,1,2,0,1,174,content,100134,
100174,1,2,0,1,175,content,100135,
100175,1,2,0,1,176,tool,100000,
100176,1,2,0,1,177,content,100136,
100177,1,2,0,1,178,prompt,100022,
100178,1,2,0,1,179,content,100137,
100179,1,2,0,1,180,tool,100000,
100180,1,2,0,2,181,content,100138,
100181,1,2,0,2,182,content,100139,
100182,1,2,0,2,183,prompt,100023,
100183,1,2,0,2,184,content,100140,
100184,1,2,0,2,185,prompt,100024,
100185,1,2,0,2,186,content,100141,
100186,1,2,0,2,187,prompt,100025,
100187,1,2,0,2,188,content,100142,
100188,1,2,0,2,189,tool,100000,
100189,1,2,0,2,190,content,100143,
100190,1,2,0,2,191,tool,100003,
100191,1,2,0,2,192,content,100144,
100192,1,2,0,2,193,content,100145,
100193,1,2,0,2,194,content,100146,
100194,1,2,0,2,195,content,100147,
100195,1,2,0,2,196,content,100148,
100196,1,2,0,2,197,tool,100003,
100197,1,2,0,2,198,content,100149,
100198,1,2,0,2,199,content,100150,
100199,1,2,0,2,200,prompt,100026,
100200,1,2,0,2,201,content,100151,
100201,1,2,0,2,202,prompt,100027,
100202,1,2,0,2,203,content,100152,
100203,1,2,0,2,204,content,100153,
100204,1,2,0,2,205,content,100154,
100205,1,2,0,2,206,content,100155,
100206,1,2,0,1,207,content,100156,
100207,1,2,0,1,208,tool,100000,
100208,1,2,0,2,209,content,100157,
100209,1,2,0,2,210,tool,100000,
100210,1,2,0,3,211,content,100158,
100211,1,2,0,3,212,tool,100000,
100212,1,2,0,4,213,content,100159,
100213,1,2,0,4,214,tool,100000,
100214,1,2,0,4,215,content,100160,
100215,1,2,0,4,216,prompt,100028,
100216,1,2,0,1,217,content,100161,
100217,1,2,0,1,218,prompt,100029,
100218,1,2,0,2,219,content,100162,
100219,1,2,0,2,220,prompt,100030,
100220,1,2,0,3,221,content,100163,
100221,1,2,0,3,222,prompt,100031,
100222,1,2,0,4,223,content,100164,
100223,1,2,0,4,224,prompt,100032,
100224,1,2,0,5,225,content,100165,
100225,1,2,0,5,226,prompt,100033,
100226,1,2,0,6,227,content,100166,
100227,1,2,0,6,228,prompt,100034,
100228,1,2,0,6,229,content,100167,
100229,1,2,0,6,230,content,100168,
100230,1,2,0,6,231,content,100169,
100231,1,2,0,6,232,content,100170,
100232,1,2,0,6,233,content,100171,
100233,1,2,0,6,234,content,100172,
100234,1,2,0,6,235,content,100173,
100235,1,2,0,6,236,content,100174,
100236,1,2,0,6,237,tool,100000,
100237,1,2,0,6,238,content,100175,
100238,1,2,0,6,239,tool,100000,
100239,1,2,0,6,240,content,100176,
100240,1,2,0,6,241,tool,100000,
100241,1,2,0,6,242,content,100177,
100242,1,2,0,6,243,prompt,100035,
100243,1,2,0,6,244,content,100178,
100244,1,2,0,6,245,tool,100000,
100245,1,2,0,6,246,content,100179,
100246,1,2,0,6,247,prompt,100036,
100247,1,2,0,6,248,content,100180,
100248,1,2,0,6,249,prompt,100037,
100249,1,2,0,6,250,content,100181,
100250,1,2,0,6,251,prompt,100038,
100251,1,2,0,6,252,content,100182,
100252,1,2,0,6,253,prompt,100039,
100253,1,2,0,6,254,content,100183,
100254,1,2,0,6,255,content,100184,
100255,1,2,0,6,256,content,100185,
100256,1,2,0,6,257,content,100186,
100257,1,2,0,6,258,content,100187,
100258,1,2,0,6,259,content,100188,
100259,1,2,0,6,260,content,100189,
100260,1,2,0,6,261,tool,100000,
100261,1,2,0,6,262,content,100190,
100262,1,2,0,6,263,tool,100005,
100263,1,2,0,6,264,content,100191,
100264,1,2,0,6,265,content,100192,
100265,1,2,0,6,266,tool,100000,
100266,1,2,0,6,267,content,100193,
100267,1,2,0,6,268,content,100194,
100268,1,2,0,6,269,prompt,100040,
100269,1,2,0,6,270,content,100195,
100270,1,2,0,6,271,prompt,100041,
100271,1,2,0,6,272,content,100196,
100272,1,2,0,6,273,prompt,100042,
100273,1,2,0,6,274,content,100197,
100274,1,2,0,6,275,prompt,100043,
100275,1,2,0,6,276,content,100198,
100276,1,2,0,6,277,prompt,100044,
100277,1,3,0,0,278,content,100199,
100278,1,3,0,0,279,content,100200,
100279,1,3,0,0,280,content,100201,
100280,1,3,0,0,281,content,100202,
100281,1,3,0,0,282,content,100203,
100282,1,3,0,0,283,content,100204,
100283,1,3,0,0,284,content,100205,
100284,1,3,0,0,285,content,100206,
100285,1,3,0,0,286,content,100207,
100286,1,3,0,0,287,tool,100003,
100287,1,3,0,0,288,content,100208,
100288,1,3,0,0,289,prompt,100045,
100289,1,3,0,0,290,content,100209,
100290,1,3,0,0,291,content,100210,
100291,1,3,0,0,292,content,100211,
100292,1,3,0,0,293,content,100212,
100293,1,3,0,0,294,content,100213,
100294,1,3,0,0,295,content,100214,
100295,1,3,0,0,296,content,100215,
100296,1,3,0,0,297,content,100216,
100297,1,3,0,0,298,content,100217,
100298,1,3,0,0,299,content,100218,
100299,1,3,0,0,300,content,100219,
100300,1,3,0,0,301,content,100220,
100301,1,3,0,0,302,content,100221,
100302,1,3,0,0,303,content,100222,
100303,1,3,0,0,304,content,100223,
100304,1,3,0,0,305,content,100224,
100305,1,3,0,0,306,content,100225,
100306,1,3,0,0,307,content,100226,
100307,1,3,0,0,308,tool,100006,
100308,1,3,0,0,309,content,100227,
100309,1,3,0,0,310,tool,100006,
100310,1,3,0,0,311,content,100228,
100311,1,3,0,0,312,tool,100006,
100312,1,3,0,0,313,content,100229,
100313,1,3,0,0,314,prompt,100046,
100314,1,3,0,0,315,content,100230,
100315,1,3,0,0,316,content,100231,
100316,1,3,0,0,317,content,100232,
100317,1,3,0,0,318,tool,100006,
100318,1,3,0,0,319,content,100233,
100319,1,3,0,0,320,prompt,100047,
100320,1,3,0,0,321,content,100234,
100321,1,3,0,0,322,tool,100006,
100322,1,3,0,0,323,content,100235,
100323,1,3,0,0,324,prompt,100048,
100324,1,3,0,0,325,content,100236,
100325,1,3,0,0,326,content,100237,
100326,1,3,0,0,327,content,100238,
100327,1,3,0,0,328,tool,100006,
100328,1,3,0,0,329,content,100239,
100329,1,3,0,0,330,prompt,100049,
100330,1,3,0,0,331,content,100240,
100331,1,3,0,0,332,tool,100006,
100332,1,3,0,0,333,content,100241,
100333,1,3,0,0,334,prompt,100050,
100334,1,4,0,0,335,content,100242,
100335,1,4,0,0,336,content,100243,
100336,1,4,0,0,337,content,100244,
100337,1,4,0,0,338,content,100245,
100338,1,4,0,0,339,content,100246,
100339,1,4,0,0,340,content,100247,
100340,1,4,0,0,341,content,100248,
100341,1,4,0,0,342,content,100249,
100342,1,4,0,0,343,content,100250,
100343,1,4,0,0,344,prompt,100051,
100344,1,4,0,0,345,content,100251,
100345,1,4,0,0,346,prompt,100052,
100346,1,4,0,0,347,content,100252,
100347,1,4,0,0,348,prompt,100053,
100348,1,4,0,0,349,content,100253,
100349,1,4,0,0,350,prompt,100054,
100350,1,4,0,0,351,content,100254,
100351,1,4,0,0,352,prompt,100055,
100352,1,4,0,0,353,content,100255,
100353,1,4,0,0,354,prompt,100056,
100354,1,4,0,0,355,content,100256,
100355,1,4,0,0,356,content,100257,
100356,1,4,0,0,357,prompt,100057,
100357,1,4,0,0,358,content,100258,
100358,1,4,0,0,359,prompt,100058,
100359,1,4,0,0,360,content,100259,
100360,1,4,0,0,361,prompt,100059,
100361,1,4,0,0,362,content,100260,
100362,1,4,0,0,363,prompt,100060,
100363,1,4,0,0,364,content,100261,
100364,1,4,0,0,365,prompt,100061,
100365,1,4,0,0,366,content,100262,
100366,1,4,0,0,367,content,100263,
100367,1,4,0,0,368,prompt,100062,
100368,1,4,0,0,369,content,100264,
100369,1,4,0,0,370,prompt,100063,
100370,1,4,0,0,371,content,100265,
100371,1,4,0,0,372,prompt,100064,
100372,1,4,0,0,373,content,100266,
100373,1,4,0,0,374,prompt,100065,
100374,1,4,0,0,375,content,100267,
100375,1,4,0,0,376,prompt,100066,
100376,1,4,0,0,377,content,100268,
100377,1,4,0,0,378,prompt,100067,
100378,1,4,0,0,379,content,100269,
100379,1,4,0,0,380,prompt,100068,
100380,1,4,0,0,381,content,100270,
100381,1,4,0,0,382,prompt,100069,
100382,1,4,0,0,383,content,100271,
100383,1,4,0,0,384,content,100272,
100384,1,4,0,0,385,prompt,100070,
100385,1,4,0,0,386,content,100273,
100386,1,4,0,0,387,prompt,100071,
100387,1,4,0,0,388,content,100274,
100388,1,4,0,0,389,prompt,100072,
100389,1,4,0,0,390,content,100275,
100390,1,4,0,0,391,prompt,100073,
100391,1,4,0,0,392,content,100276,
100392,1,4,0,0,393,prompt,100074,
100393,1,4,0,0,394,content,100277,
100394,1,4,0,0,395,prompt,100075,
100395,1,4,0,0,396,content,100278,
100396,1,4,0,0,397,prompt,100076,
100397,1,5,0,0,398,content,100279,
100398,1,5,0,0,399,content,100280,
100399,1,5,0,0,400,content,100281,
100400,1,5,0,0,401,content,100282,
100401,1,5,0,0,402,content,100283,
100402,1,5,0,0,403,content,100284,
100403,1,5,0,0,404,content,100285,
100404,1,5,0,0,405,content,100286,
100405,1,5,0,0,406,content,100287,
100406,1,5,0,0,407,content,100288,
100407,1,5,0,0,408,content,100289,
100408,1,5,0,0,409,content,100290,
100409,1,5,0,0,410,prompt,100077,
100410,1,5,0,0,411,content,100291,
100411,1,5,0,0,412,prompt,100078,
100412,1,5,0,0,413,content,100292,
100413,1,5,0,0,414,prompt,100079,
100414,1,5,0,0,415,content,100293,
100415,1,5,0,0,416,prompt,100080,
100416,1,5,0,0,417,content,100294,
100417,1,5,0,0,418,content,100295,
100418,1,5,0,0,419,content,100296,
100419,1,5,0,0,420,content,100297,
100420,1,5,0,0,421,content,100298,
100421,1,5,0,0,422,content,100299,
100422,1,5,0,0,423,content,100300,
100423,1,5,0,0,424,content,100301,
100424,1,5,0,0,425,content,100302,
100425,1,5,0,0,426,content,100303,
100426,1,5,0,0,427,content,100304,
100427,1,5,0,0,428,content,100305,
100428,1,5,0,0,429,content,100306,
100429,1,5,0,0,430,content,100307,
100430,1,5,0,0,431,content,100308,
100431,1,5,0,0,432,content,100309,
100432,1,5,0,0,433,content,100310,
100433,1,5,0,0,434,content,100311,
100434,1,5,0,0,435,prompt,100081,
100435,1,5,0,0,436,content,100312,
100436,1,5,0,0,437,prompt,100082,
100437,1,5,0,0,438,content,100313,
100438,1,5,0,0,439,tool,100000,
100439,1,5,0,0,440,content,100314,
100440,1,5,0,0,441,tool,100000,
100441,1,5,0,0,442,content,100315,
100442,1,5,0,0,443,prompt,100083,
100443,1,5,0,0,444,content,100316,
100444,1,5,0,0,445,prompt,100084,
100445,1,5,0,0,446,content,100317,
100446,1,5,0,0,447,tool,100003,
100447,1,5,0,0,448,content,100318,
100448,1,5,0,0,449,prompt,100085,
100449,1,5,0,0,450,content,100319,
100450,1,5,0,0,451,content,100320,
100451,1,5,0,0,452,content,100321,
100452,1,5,0,0,453,content,100322,
100453,1,5,0,0,454,content,100323,
100454,1,5,0,0,455,content,100324,
100455,1,5,0,0,456,content,100325,
100456,1,5,0,0,457,content,100326,
100457,1,5,0,0,458,content,100327,
100458,1,5,0,0,459,content,100328,
100459,1,5,0,0,460,content,100329,
100460,1,5,0,0,461,content,100330,
100461,1,5,0,0,462,content,100331,
100462,1,5,0,0,463,content,100332,
100463,1,5,0,0,464,content,100333,
100464,1,5,0,0,465,content,100334,
100465,1,5,0,0,466,content,100335,
100466,1,5,0,0,467,tool,100006,
100467,1,5,0,0,468,content,100336,
100468,1,5,0,0,469,prompt,100086,
100469,1,5,0,0,470,content,100337,
100470,1,5,0,0,471,prompt,100087,
100471,1,5,0,0,472,content,100338,
100472,1,5,0,0,473,content,100339,
100473,1,5,0,0,474,content,100340,
100474,1,5,0,0,475,content,100341,
100475,1,5,0,0,476,content,100342,
100476,1,5,0,0,477,content,100343,
100477,1,5,0,0,478,content,100344,
100478,2,0,0,0,479,content,100345,
100479,2,0,0,0,480,content,100346,
100480,2,0,0,0,481,content,100347,
100481,2,0,0,0,482,content,100348,
100482,2,0,0,0,483,content,100349,
100483,2,0,0,0,484,content,100350,
100484,2,0,0,0,485,content,100351,
100485,2,0,0,0,486,content,100352,
100486,2,0,0,0,487,content,100353,
100487,2,1,0,0,488,content,100354,
100488,2,1,0,0,489,content,100355,
100489,2,1,0,0,490,content,100356,
100490,2,1,0,0,491,content,100357,
100491,2,1,0,0,492,content,100358,
100492,2,1,0,0,493,content,100359,
100493,2,1,0,0,494,content,100360,
100494,2,1,1,0,495,content,100361,
100495,2,1,1,0,496,prompt,100088,
100496,2,1,1,0,497,prompt,100089,
100497,2,1,2,0,498,content,100362,
100498,2,1,2,0,499,prompt,100090,
100499,2,1,2,0,500,prompt,100091,
100500,2,1,3,0,501,content,100363,
100501,2,1,3,0,502,prompt,100092,
100502,2,1,3,0,503,prompt,100093,
100503,2,1,4,0,504,content,100364,
100504,2,1,4,0,505,prompt,100094,
100505,2,1,4,0,506,prompt,100095,
100506,2,1,5,0,507,content,100365,
100507,2,1,5,0,508,prompt,100096,
100508,2,1,5,0,509,prompt,100097,
100509,2,1,5,0,510,content,100366,
100510,2,1,5,0,511,content,100367,
100511,2,1,5,0,512,content,100368,
100512,2,1,5,0,513,content,100369,
100513,2,1,1,0,514,content,100370,
100514,2,1,1,0,515,prompt,100098,
100515,2,1,2,0,516,content,100371,
100516,2,1,2,0,517,prompt,100099,
100517,2,1,3,0,518,content,100372,
100518,2,1,3,0,519,prompt,100100,
100519,2,1,4,0,520,content,100373,
100520,2,1,4,0,521,prompt,100101,
100521,2,1,5,0,522,content,100374,
100522,2,1,5,0,523,prompt,100102,
100523,2,1,6,0,524,content,100375,
100524,2,1,6,0,525,prompt,100103,
100525,2,1,7,0,526,content,100376,
100526,2,1,7,0,527,prompt,100104,
100527,2,1,7,0,528,content,100377,
100528,2,1,1,0,529,content,100378,
100529,2,1,1,0,530,prompt,100105,
100530,2,1,2,0,531,content,100379,
100531,2,1,2,0,532,prompt,100106,
100532,2,1,3,0,533,content,100380,
100533,2,1,3,0,534,prompt,100107,
100534,2,1,4,0,535,content,100381,
100535,2,1,4,0,536,prompt,100108,
100536,2,1,5,0,537,content,100382,
100537,2,1,5,0,538,prompt,100109,
100538,2,1,6,0,539,content,100383,
100539,2,1,6,0,540,prompt,100110,
100540,2,1,7,0,541,content,100384,
100541,2,1,7,0,542,prompt,100111,
100542,2,1,8,0,543,content,100385,
100543,2,1,8,0,544,prompt,100112,
100544,2,1,9,0,545,content,100386,
100545,2,1,9,0,546,prompt,100113,
100546,2,1,10,0,547,content,100387,
100547,2,1,10,0,548,prompt,100114,
100548,2,1,10,0,549,content,100388,
100549,2,1,10,0,550,content,100389,
100550,2,1,1,0,551,content,100390,
100551,2,1,1,0,552,prompt,100115,
100552,2,1,2,0,553,content,100391,
100553,2,1,2,0,554,prompt,100116,
100554,2,1,3,0,555,content,100392,
100555,2,1,3,0,556,prompt,100117,
100556,2,1,4,0,557,content,100393,
100557,2,1,4,0,558,prompt,100118,
100558,2,1,4,0,559,content,100394,
100559,2,1,4,0,560,content,100395,
100560,2,1,4,0,561,content,100396,
100561,2,2,0,0,562,content,100397,
100562,2,2,0,0,563,content,100398,
100563,2,2,0,0,564,content,100399,
100564,2,2,0,0,565,content,100400,
100565,2,2,0,0,566,content,100401,
100566,2,2,0,0,567,content,100402,
100567,2,2,0,0,568,content,100403,
100568,2,2,0,0,569,content,100404,
100569,2,2,0,0,570,content,100405,
100570,2,2,0,0,571,content,100406,
100571,2,2,0,0,572,content,100407,
100572,2,2,0,0,573,content,100408,
100573,2,2,0,0,574,content,100409,
100574,2,2,0,0,575,content,100410,
100575,2,2,0,0,576,content,100411,
100576,2,2,0,0,577,content,100412,
100577,2,2,1,0,578,content,100413,
100578,2,2,1,0,579,prompt,100119,
100579,2,2,2,0,580,content,100414,
100580,2,2,2,0,581,prompt,100120,
100581,2,2,3,0,582,content,100415,
100582,2,2,3,0,583,prompt,100121,
100583,2,2,3,0,584,content,100416,
100584,2,2,1,0,585,content,100417,
100585,2,2,2,0,586,content,100418,
100586,2,2,3,0,587,content,100419,
100587,2,2,4,0,588,content,100420,
100588,2,2,5,0,589,content,100421,
100589,2,2,6,0,590,content,100422,
100590,2,2,7,0,591,content,100423,
100591,2,2,8,0,592,content,100424,
100592,2,2,8,0,593,content,100425,
100593,2,2,1,0,594,content,100426,
100594,2,2,1,0,595,prompt,100122,
100595,2,2,2,0,596,content,100427,
100596,2,2,2,0,597,prompt,100123,
100597,2,2,3,0,598,content,100428,
100598,2,2,3,0,599,prompt,100124,
100599,2,2,4,0,600,content,100429,
100600,2,2,4,0,601,prompt,100125,
100601,2,2,5,0,602,content,100430,
100602,2,2,5,0,603,prompt,100126,
100603,2,2,6,0,604,content,100431,
100604,2,2,6,0,605,prompt,100127,
100605,2,2,7,0,606,content,100432,
100606,2,2,7,0,607,prompt,100128,
100607,2,2,8,0,608,content,100433,
100608,2,2,8,0,609,prompt,100129,
100609,2,2,9,0,610,content,100434,
100610,2,2,9,0,611,prompt,100130,
100611,2,2,10,0,612,content,100435,
100612,2,2,10,0,613,prompt,100131,
100613,2,2,11,0,614,content,100436,
100614,2,2,11,0,615,prompt,100132,
100615,2,2,12,0,616,content,100437,
100616,2,2,12,0,617,prompt,100133,
100617,2,2,13,0,618,content,100438,
100618,2,2,13,0,619,prompt,100134,
100619,2,2,14,0,620,content,100439,
100620,2,2,14,0,621,prompt,100135,
100621,2,2,15,0,622,content,100440,
100622,2,2,15,0,623,prompt,100136,
100623,2,2,16,0,624,content,100441,
100624,2,2,16,0,625,prompt,100137,
100625,2,2,17,0,626,content,100442,
100626,2,2,17,0,627,prompt,100138,
100627,2,2,18,0,628,content,100443,
100628,2,2,18,0,629,prompt,100139,
100629,2,2,18,0,630,content,100444,
100630,2,2,18,0,631,content,100445,
100631,2,2,1,0,632,content,100446,
100632,2,2,1,0,633,tool,100009,
100633,2,2,2,0,634,content,100447,
100634,2,2,2,0,635,tool,100009,
100635,2,2,3,0,636,content,100448,
100636,2,2,3,0,637,tool,100009,
100637,2,2,4,0,638,content,100449,
100638,2,2,4,0,639,tool,100009,
100639,2,2,4,0,640,content,100450,
100640,2,2,4,0,641,content,100451,
100641,2,3,0,0,642,content,100452,
100642,2,3,0,0,643,content,100453,
100643,2,3,0,0,644,content,100454,
100644,2,3,0,0,645,content,100455,
100645,2,3,0,0,646,content,100456,
100646,2,3,0,0,647,content,100457,
100647,2,3,0,0,648,content,100458,
100648,2,3,0,0,649,content,100459,
100649,2,3,0,0,650,content,100460,
100650,2,3,1,0,651,content,100461,
100651,2,3,1,0,652,tool,100010,
100652,2,3,2,0,653,content,100462,
100653,2,3,2,0,654,tool,100010,
100654,2,3,3,0,655,content,100463,
100655,2,3,3,0,656,tool,100010,
100656,2,3,4,0,657,content,100464,
100657,2,3,4,0,658,tool,100010,
100658,2,3,5,0,659,content,100465,
100659,2,3,5,0,660,tool,100010,
100660,2,3,6,0,661,content,100466,
100661,2,3,6,0,662,tool,100010,
100662,2,3,7,0,663,content,100467,
100663,2,3,7,0,664,tool,100010,
100664,2,3,7,0,665,tool,100010,
100665,2,3,7,0,666,content,100468,
100666,2,3,7,0,667,content,100469,
100667,2,3,7,0,668,content,100470,
100668,2,3,7,0,669,content,100471,
100669,2,3,7,0,670,content,100472,
100670,2,3,7,0,671,content,100473,
100671,2,3,7,0,672,content,100474,
100672,2,3,7,0,673,content,100475,
100673,2,3,7,0,674,content,100476,
100674,2,3,7,0,675,tool,100011,
100675,2,3,7,0,676,content,100477,
100676,2,3,7,0,677,content,100478,
100677,2,3,7,0,678,content,100479,
100678,2,3,7,0,679,content,100480,
100679,2,3,7,0,680,content,100481,
100680,2,3,7,0,681,content,100482,
100681,2,3,7,0,682,content,100483,
100682,2,3,7,0,683,content,100484,
100683,2,3,7,0,684,content,100485,
100684,2,3,7,0,685,content,100486,
100685,2,3,7,0,686,content,100487,
100686,2,3,7,0,687,content,100488,
100687,2,3,7,0,688,content,100489,
100688,2,3,7,0,689,content,100490,
100689,2,3,7,0,690,content,100491,
100690,2,3,7,0,691,content,100492,
100691,2,3,7,0,692,content,100493,
100692,2,3,7,0,693,prompt,100140,
100693,2,3,7,0,694,content,100494,
100694,2,3,7,0,695,prompt,100141,
100695,2,3,7,0,696,content,100495,
100696,2,3,7,0,697,prompt,100142,
100697,2,4,0,0,698,content,100496,
100698,2,4,0,0,699,content,100497,
100699,2,4,0,0,700,content,100498,
100700,2,4,0,0,701,content,100499,
100701,2,4,0,0,702,content,100500,
100702,2,4,0,0,703,tool,100012,
100703,2,4,0,0,704,content,100501,
100704,2,4,0,0,705,prompt,100143,
100705,2,4,0,0,706,content,100502,
100706,2,4,0,0,707,content,100503,
100707,2,4,0,0,708,content,100504,
100708,2,4,1,0,709,content,100505,
100709,2,4,1,0,710,content,100506,
100710,2,4,1,0,711,prompt,100144,
100711,2,4,1,0,712,prompt,100145,
100712,2,4,1,0,713,content,100507,
100713,2,4,1,0,714,prompt,100146,
100714,2,4,1,0,715,prompt,100147,
100715,2,4,1,0,716,content,100508,
100716,2,4,1,0,717,prompt,100148,
100717,2,4,1,0,718,prompt,100149,
100718,2,4,1,0,719,content,100509,
100719,2,4,1,0,720,prompt,100150,
100720,2,4,1,0,721,prompt,100151,
100721,2,4,2,0,722,content,100510,
100722,2,4,2,0,723,prompt,100152,
100723,2,4,2,0,724,prompt,100153,
100724,2,4,3,0,725,content,100511,
100725,2,4,3,0,726,prompt,100154,
100726,2,4,3,0,727,prompt,100155,
100727,2,4,4,0,728,content,100512,
100728,2,4,4,0,729,prompt,100156,
100729,2,4,4,0,730,prompt,100157,
100730,2,4,5,0,731,content,100513,
100731,2,4,5,0,732,prompt,100158,
100732,2,4,5,0,733,prompt,100159,
100733,2,4,6,0,734,content,100514,
100734,2,4,6,0,735,prompt,100160,
100735,2,4,6,0,736,content,100515,
100736,2,4,6,0,737,content,100516,
100737,2,4,6,0,738,content,100517,
100738,2,4,6,0,739,content,100518,
100739,2,4,6,0,740,content,100519,
100740,2,4,6,0,741,content,100520,
100741,2,4,6,0,742,tool,100000,
100742,2,5,0,0,743,content,100521,
100743,2,5,0,0,744,content,100522,
100744,2,5,0,0,745,content,100523,
100745,2,5,0,0,746,content,100524,
100746,2,5,0,0,747,content,100525,
100747,2,5,0,0,748,content,100526,
100748,2,5,0,0,749,content,100527,
100749,2,5,0,0,750,content,100528,
100750,2,5,0,0,751,content,100529,
100751,2,5,0,0,752,content,100530,
100752,2,5,0,0,753,content,100531,
100753,2,5,0,0,754,content,100532,
100754,2,5,0,0,755,content,100533,
100755,2,5,0,0,756,content,100534,
100756,2,5,0,0,757,content,100535,
100757,2,5,0,0,758,content,100536,
100758,2,5,0,0,759,tool,100028,
100759,2,5,0,0,760,content,100537,
100760,2,5,0,0,761,content,100538,
100761,2,5,0,0,762,content,100539,
100762,2,5,0,0,763,content,100540,
100763,2,5,0,0,764,content,100541,
100764,2,5,0,0,765,content,100542,
100765,2,5,0,0,766,content,100543,
100766,2,5,0,0,767,content,100544,
100767,2,5,0,0,768,content,100545,
100768,2,5,0,0,769,content,100546,
100769,2,5,0,0,770,prompt,100161,
100770,2,5,0,0,771,content,100547,
100771,2,5,0,0,772,content,100548,
100772,2,5,0,0,773,content,100549,
100773,2,5,0,0,774,content,100550,
100774,2,5,0,0,775,content,100551,
100775,2,5,0,0,776,content,100552,
100776,2,5,0,0,777,content,100553,
100777,2,5,0,0,778,content,100554,
100778,2,5,0,0,779,content,100555,
100779,2,5,0,0,780,content,100556,
100780,2,5,0,0,781,content,100557,
100781,2,5,0,0,782,prompt,100162,
100782,2,5,0,0,783,content,100558,
100783,2,5,0,0,784,prompt,100163,
100784,2,5,0,0,785,content,100559,
100785,2,5,0,0,786,content,100560,
100786,2,5,0,0,787,content,100561,
100787,2,5,0,0,788,content,100562,
100788,2,5,0,0,789,content,100563,
100789,2,5,0,0,790,content,100564,
100790,2,5,0,0,791,content,100565,
100791,2,5,0,0,792,content,100566,
100792,2,5,0,0,793,content,100567,
100793,2,5,0,0,794,tool,100000,
100794,2,5,0,0,795,content,100568,
100795,2,5,0,0,796,prompt,100164,
100796,2,5,0,0,797,content,100569,
100797,2,5,0,0,798,prompt,100165,
100798,2,5,0,0,799,content,100570,
100799,2,5,0,0,800,prompt,100166,
100800,2,5,0,0,801,content,100571,
100801,2,5,0,0,802,content,100572,
100802,2,5,0,0,803,content,100573,
100803,2,5,0,0,804,content,100574,
100804,2,5,0,0,805,content,100575,
100805,2,5,0,0,806,content,100576,
100806,2,5,0,0,807,content,100577,
100807,2,5,0,0,808,content,100578,
100808,2,5,0,0,809,content,100579,
100809,2,5,0,0,810,content,100580,
100810,2,5,0,0,811,content,100581,
100811,2,5,0,0,812,content,100582,
100812,2,5,0,0,813,content,100583,
100813,2,5,0,0,814,content,100584,
100814,2,5,0,0,815,content,100585,
100815,2,5,0,0,816,prompt,100167,
100816,2,5,0,0,817,content,100586,
100817,2,5,0,0,818,content,100587,
100818,2,5,0,0,819,content,100588,
100819,2,5,0,0,820,content,100589,
100820,2,5,0,0,821,content,100590,
100821,2,5,0,0,822,content,100591,
100822,2,5,0,0,823,content,100592,
100823,2,5,0,0,824,content,100593,
100824,2,5,0,0,825,content,100594,
100825,2,5,0,0,826,content,100595,
100826,2,5,0,0,827,content,100596,
100827,2,5,0,0,828,content,100597,
100828,2,5,0,0,829,content,100598,
100829,2,5,0,0,830,prompt,100168,
100830,2,5,0,0,831,content,100599,
100831,2,5,0,0,832,content,100600,
100832,2,5,0,0,833,content,100601,
100833,2,5,0,0,834,content,100602,
100834,2,5,0,0,835,content,100603,
100835,2,5,0,0,836,content,100604,
100836,2,5,0,0,837,content,100605,
100837,2,5,0,0,838,content,100606,
100838,2,5,0,0,839,content,100607,
100839,2,5,0,0,840,content,100608,
100840,2,5,0,0,841,content,100609,
100841,2,5,0,0,842,content,100610,
100842,2,5,0,0,843,prompt,100169,
