-- DreamTree Seed Data
-- Generated: 2026-01-08T00:27:09.696Z

-- personality_types.csv -> personality_types (16 rows)
INSERT INTO personality_types (code, name, summary) VALUES ('ENFJ', 'The Teacher', 'You lead with warmth and conviction. Your natural gift is seeing potential in people and inspiring them to reach it. You thrive in roles where you can guide, develop, and advocate for others—teaching, coaching, HR, counseling, or leading mission-driven teams. You''re energized by collaboration and creating harmony, but watch your tendency to overextend for others at your own expense. Your superpower: making people feel seen and capable. Your kryptonite: taking criticism personally and avoiding necessary conflict.');
INSERT INTO personality_types (code, name, summary) VALUES ('INFJ', 'The Counselor', 'You''re driven by vision and values. Quietly intense, you see patterns others miss and work tirelessly toward meaningful goals. You excel in roles requiring insight into human nature—counseling, writing, strategy, nonprofit work, or any field where you can make a difference without being in the spotlight. You need autonomy and time to think deeply. Your superpower: understanding what people need before they say it. Your kryptonite: perfectionism and getting so absorbed in your vision that you miss practical details.');
INSERT INTO personality_types (code, name, summary) VALUES ('ENFP', 'The Champion', 'You see possibilities everywhere. Creative, enthusiastic, and genuinely interested in people, you bring energy to everything you touch. You thrive in roles that let you innovate, inspire, and connect—marketing, entrepreneurship, consulting, journalism, or creative fields. Routine kills you; novelty fuels you. Your superpower: generating ideas and rallying people around them. Your kryptonite: starting more projects than you finish and struggling with follow-through on the boring parts.');
INSERT INTO personality_types (code, name, summary) VALUES ('INFP', 'The Healer', 'You''re guided by deep personal values and a desire for authenticity. Idealistic and empathetic, you excel in work that aligns with your beliefs—writing, counseling, art, advocacy, or helping professions. You need meaning more than status, and you''d rather do something that matters than something that pays well but feels hollow. Your superpower: understanding emotions and expressing complex ideas. Your kryptonite: being so idealistic that reality disappoints you, and avoiding confrontation even when it''s necessary.');
INSERT INTO personality_types (code, name, summary) VALUES ('ENTJ', 'The Commander', 'You''re built to lead. Strategic, decisive, and driven, you see inefficiency as a personal offense and naturally take charge to fix it. You thrive in leadership roles—executive positions, entrepreneurship, law, consulting, or anywhere you can build systems and drive results. You respect competence and have little patience for excuses. Your superpower: turning vision into reality through sheer will and organization. Your kryptonite: steamrolling others'' feelings and moving so fast you miss important details.');
INSERT INTO personality_types (code, name, summary) VALUES ('INTJ', 'The Mastermind', 'You''re an architect of ideas. Independent and strategic, you see systems clearly and know how to improve them. You excel in roles requiring long-term thinking and intellectual rigor—science, technology, strategy, research, or any field where you can work autonomously on complex problems. You don''t need external validation; your own standards are high enough. Your superpower: seeing the big picture and building toward it relentlessly. Your kryptonite: dismissing input from others and expecting everyone to operate at your level.');
INSERT INTO personality_types (code, name, summary) VALUES ('ENTP', 'The Visionary', 'You love a good intellectual challenge. Quick-witted, innovative, and perpetually curious, you excel at seeing possibilities and arguing any side of a debate. You thrive in entrepreneurship, law, consulting, technology, or creative problem-solving roles. Rules bore you; reinventing them excites you. Your superpower: generating breakthrough ideas and thinking several moves ahead. Your kryptonite: getting bored with execution, talking over people, and leaving a trail of half-finished projects.');
INSERT INTO personality_types (code, name, summary) VALUES ('INTP', 'The Architect', 'You live in the world of ideas. Analytical, precise, and endlessly curious, you''re driven to understand how things work at a fundamental level. You excel in research, technology, academia, or any field requiring deep logical analysis. You prize competence and intellectual honesty above all else. Your superpower: seeing logical flaws instantly and designing elegant solutions. Your kryptonite: analysis paralysis, dismissing emotions as irrational, and struggling to communicate your complex ideas simply.');
INSERT INTO personality_types (code, name, summary) VALUES ('ESTJ', 'The Supervisor', 'You get things done, period. Organized, decisive, and practical, you bring order to chaos and expect others to pull their weight. You thrive in management, operations, administration, military, law enforcement, or any role requiring clear structure and accountability. You value tradition and proven methods. Your superpower: executing reliably and holding people to standards. Your kryptonite: rigidity, dismissing new approaches too quickly, and coming across as dictatorial when you''re just being efficient.');
INSERT INTO personality_types (code, name, summary) VALUES ('ISTJ', 'The Inspector', 'You''re the backbone of any organization. Thorough, dependable, and methodical, you honor your commitments and expect the same from others. You excel in accounting, law, administration, engineering, or any field requiring accuracy and attention to detail. You trust facts over theories and prefer clear expectations. Your superpower: remembering every detail and following through without fail. Your kryptonite: getting stuck in how things have always been done and missing the feelings of people around you.');
INSERT INTO personality_types (code, name, summary) VALUES ('ESFJ', 'The Provider', 'You''re the glue that holds teams together. Warm, responsible, and tuned into others'' needs, you create harmony wherever you go. You thrive in healthcare, education, HR, customer service, or any role where you can help people directly and feel appreciated for it. You value tradition and loyalty. Your superpower: making people feel cared for and keeping everything running smoothly. Your kryptonite: taking things too personally, avoiding conflict to keep the peace, and giving until you''re empty.');
INSERT INTO personality_types (code, name, summary) VALUES ('ISFJ', 'The Protector', 'You serve quietly and steadfastly. Loyal, practical, and deeply caring, you notice what needs to be done and do it without fanfare. You excel in healthcare, education, administration, or support roles where your attention to detail and dedication to others can shine. You remember everything about the people you care for. Your superpower: providing reliable, thoughtful support that others can count on. Your kryptonite: overworking yourself, not asking for help, and bottling up resentment until it overflows.');
INSERT INTO personality_types (code, name, summary) VALUES ('ESTP', 'The Dynamo', 'You thrive on action and live in the moment. Pragmatic, observant, and adaptable, you solve problems as they arise and keep your cool under pressure. You excel in sales, entrepreneurship, emergency response, sports, or any fast-paced environment where quick thinking wins. You''d rather do than discuss. Your superpower: reading situations instantly and taking decisive action. Your kryptonite: ignoring long-term consequences, missing people''s feelings in your rush to solve problems, and getting bored with anything routine.');
INSERT INTO personality_types (code, name, summary) VALUES ('ISTP', 'The Craftsman', 'You''re a quiet problem-solver who learns by doing. Analytical, practical, and self-reliant, you understand how things work and fix them efficiently. You excel in trades, technology, engineering, forensics, or any hands-on field requiring technical skill and cool-headed troubleshooting. You value competence and efficiency over politics. Your superpower: staying calm in a crisis and finding practical solutions fast. Your kryptonite: keeping people in the dark about what you''re thinking and cutting corners when you get bored.');
INSERT INTO personality_types (code, name, summary) VALUES ('ESFP', 'The Performer', 'You bring joy wherever you go. Spontaneous, energetic, and genuinely interested in people, you make everything more fun. You thrive in entertainment, sales, hospitality, healthcare, or any role where you can connect with people and think on your feet. You learn by doing and hate being stuck at a desk. Your superpower: reading a room and making people feel good. Your kryptonite: avoiding hard conversations, getting distracted from responsibilities, and not planning for tomorrow because today is more interesting.');
INSERT INTO personality_types (code, name, summary) VALUES ('ISFP', 'The Composer', 'You experience life deeply and express yourself through action. Gentle, observant, and fiercely loyal to your values, you prefer showing over telling. You excel in healthcare, design, crafts, nature-related work, or any field where you can help quietly and create beauty. You need flexibility and meaning more than money or status. Your superpower: noticing what others miss and caring in practical, tangible ways. Your kryptonite: taking criticism too personally, not advocating for yourself, and getting so focused on now that you miss what''s coming.');

-- competencies.csv -> competencies (15 rows)
INSERT INTO competencies (id, name, definition, category, sort_order, relevant_modules) VALUES ('comp-01', 'Analytical Thinking', 'The ability to break down complex situations, spot patterns across seemingly unrelated information, and identify the root issues that matter most.', 'delivery', '1', '["2.5"]');
INSERT INTO competencies (id, name, definition, category, sort_order, relevant_modules) VALUES ('comp-02', 'Achievement Focus', 'Taking ownership of outcomes and driving toward results. This means setting meaningful goals, working efficiently within constraints, and seizing opportunities when they arise.', 'delivery', '2', '["2.5"]');
INSERT INTO competencies (id, name, definition, category, sort_order, relevant_modules) VALUES ('comp-03', 'Written Communication', 'Expressing ideas clearly in writing, adapting tone and complexity for different audiences, and ensuring your message lands the way you intend it to.', 'delivery', '3', '["2.5"]');
INSERT INTO competencies (id, name, definition, category, sort_order, relevant_modules) VALUES ('comp-04', 'Adaptive Thinking', 'Adjusting your approach when circumstances change. This includes embracing different perspectives, pivoting when needed, and staying effective in ambiguous situations.', 'delivery', '4', '["2.5"]');
INSERT INTO competencies (id, name, definition, category, sort_order, relevant_modules) VALUES ('comp-05', 'Resource Management', 'Understanding what people, money, and operational capacity you have available—and making smart decisions about how to deploy them for maximum impact.', 'delivery', '5', '["2.5"]');
INSERT INTO competencies (id, name, definition, category, sort_order, relevant_modules) VALUES ('comp-06', 'Team Collaboration', 'Working effectively with others toward shared goals. At higher levels, this includes leading teams, building trust across groups, and creating environments where people do their best work.', 'delivery', '6', '["2.5"]');
INSERT INTO competencies (id, name, definition, category, sort_order, relevant_modules) VALUES ('comp-07', 'Client Orientation', 'Understanding what your stakeholders actually need (not just what they ask for), anticipating their concerns, and delivering solutions that genuinely help them.', 'interpersonal', '1', '["2.5"]');
INSERT INTO competencies (id, name, definition, category, sort_order, relevant_modules) VALUES ('comp-08', 'Interpersonal Awareness', 'Reading people accurately—hearing what''s said and unsaid, understanding motivations, and navigating cultural differences with sensitivity. Includes managing your own reactions under pressure.', 'interpersonal', '2', '["2.5"]');
INSERT INTO competencies (id, name, definition, category, sort_order, relevant_modules) VALUES ('comp-09', 'Persuasion', 'Moving people toward your position through honest, respectful means. This involves understanding what others care about and framing your ideas in ways that resonate with them.', 'interpersonal', '3', '["2.5"]');
INSERT INTO competencies (id, name, definition, category, sort_order, relevant_modules) VALUES ('comp-10', 'Negotiation', 'Working toward outcomes where everyone walks away with something. This ranges from basic give-and-take to orchestrating complex multi-party agreements.', 'interpersonal', '4', '["2.5"]');
INSERT INTO competencies (id, name, definition, category, sort_order, relevant_modules) VALUES ('comp-11', 'Organizational Savvy', 'Understanding how power and decisions actually flow in organizations—who influences whom, what the unwritten rules are, and how to navigate formal and informal structures effectively.', 'interpersonal', '5', '["2.5"]');
INSERT INTO competencies (id, name, definition, category, sort_order, relevant_modules) VALUES ('comp-12', 'Talent Development', 'Creating conditions for people to grow. This includes sharing knowledge, giving useful feedback, delegating meaningfully, and building environments where learning happens naturally.', 'strategic', '1', '["2.5"]');
INSERT INTO competencies (id, name, definition, category, sort_order, relevant_modules) VALUES ('comp-13', 'Mission Alignment', 'Connecting your work to larger organizational goals and acting in ways that advance the collective mission, even when it means deprioritizing personal preferences.', 'strategic', '2', '["2.5"]');
INSERT INTO competencies (id, name, definition, category, sort_order, relevant_modules) VALUES ('comp-14', 'Relationship Building', 'Cultivating and maintaining connections with people who matter for long-term success—inside and outside your organization. Real relationships, not just transactional contacts.', 'strategic', '3', '["2.5"]');
INSERT INTO competencies (id, name, definition, category, sort_order, relevant_modules) VALUES ('comp-15', 'Strategic Thinking', 'Seeing the big picture—how trends, opportunities, threats, and resources connect. This means linking daily decisions to long-term direction and helping others see that connection too.', 'strategic', '4', '["2.5"]');

-- competency_levels.csv -> competency_levels (75 rows)
INSERT INTO competency_levels (id, competency_id, level, description, job_context) VALUES ('cl-0101', 'comp-01', '1', 'Separates important information from noise. Pulls together data from multiple sources to form conclusions.', 'Entry-level and support roles');
INSERT INTO competency_levels (id, competency_id, level, description, job_context) VALUES ('cl-0102', 'comp-01', '2', 'Spots connections and patterns in data. Anticipates downstream effects. Recognizes non-obvious cause-and-effect relationships.', 'Individual contributors with some experience');
INSERT INTO competency_levels (id, competency_id, level, description, job_context) VALUES ('cl-0103', 'comp-01', '3', 'Handles ambiguous, complex analysis independently. Identifies gaps in available information and makes reasonable assumptions to move forward.', 'Mid-level professionals and specialists');
INSERT INTO competency_levels (id, competency_id, level, description, job_context) VALUES ('cl-0104', 'comp-01', '4', 'Builds frameworks that guide how others approach analysis. Combines analytical rigor with experiential judgment to reach sound conclusions.', 'Senior professionals and managers');
INSERT INTO competency_levels (id, competency_id, level, description, job_context) VALUES ('cl-0105', 'comp-01', '5', 'Recognized as a go-to resource for interpreting complex situations. Knows how much pressure to apply to different aspects of analysis based on broader context.', 'Directors and executives');
INSERT INTO competency_levels (id, competency_id, level, description, job_context) VALUES ('cl-0201', 'comp-02', '1', 'Sets ambitious but achievable personal goals. Delivers quality work on time and meets performance standards consistently.', 'Entry-level and support roles');
INSERT INTO competency_levels (id, competency_id, level, description, job_context) VALUES ('cl-0202', 'comp-02', '2', 'Questions existing practices to find better approaches. Improves workflows and team outcomes. Works around obstacles with minimal hand-holding.', 'Individual contributors with some experience');
INSERT INTO competency_levels (id, competency_id, level, description, job_context) VALUES ('cl-0203', 'comp-02', '3', 'Adjusts priorities within their scope when circumstances change. Weighs implications of different courses of action. Initiates improvements that lift team performance.', 'Mid-level professionals and specialists');
INSERT INTO competency_levels (id, competency_id, level, description, job_context) VALUES ('cl-0204', 'comp-02', '4', 'Sets stretch goals for their area that connect to business opportunities. Assesses risk before acting. Knows when to move and when to wait.', 'Senior professionals and managers');
INSERT INTO competency_levels (id, competency_id, level, description, job_context) VALUES ('cl-0205', 'comp-02', '5', 'Evaluates group performance against objectives and identifies gaps. Translates opportunities into concrete actions that benefit the organization. Takes calculated risks to drive progress.', 'Directors and executives');
INSERT INTO competency_levels (id, competency_id, level, description, job_context) VALUES ('cl-0301', 'comp-03', '1', 'Adjusts writing style and content for different readers. Presents factual information concisely and clearly.', 'Entry-level and support roles');
INSERT INTO competency_levels (id, competency_id, level, description, job_context) VALUES ('cl-0302', 'comp-03', '2', 'Synthesizes information from multiple sources into coherent, logical documents. Uses visuals effectively to communicate data.', 'Individual contributors with some experience');
INSERT INTO competency_levels (id, competency_id, level, description, job_context) VALUES ('cl-0303', 'comp-03', '3', 'Writes effectively on complex, specialized topics. Captures nuance and qualifiers so readers fully understand the material.', 'Mid-level professionals and specialists');
INSERT INTO competency_levels (id, competency_id, level, description, job_context) VALUES ('cl-0304', 'comp-03', '4', 'Translates technical content for non-expert audiences. Shapes written communication to influence decisions and direction. Edits others'' work effectively.', 'Senior professionals and managers');
INSERT INTO competency_levels (id, competency_id, level, description, job_context) VALUES ('cl-0305', 'comp-03', '5', 'Handles high-stakes strategic communication for the organization. Reviews sensitive material and understands its broader implications.', 'Directors and executives');
INSERT INTO competency_levels (id, competency_id, level, description, job_context) VALUES ('cl-0401', 'comp-04', '1', 'Suggests alternative approaches. Recognizes value in perspectives different from their own. Stays positive when facing ambiguity or change.', 'Entry-level and support roles');
INSERT INTO competency_levels (id, competency_id, level, description, job_context) VALUES ('cl-0402', 'comp-04', '2', 'Anticipates the need to adapt as technology and circumstances evolve. Builds on others'' ideas. Embraces new approaches relevant to their work.', 'Individual contributors with some experience');
INSERT INTO competency_levels (id, competency_id, level, description, job_context) VALUES ('cl-0403', 'comp-04', '3', 'Looks inside and outside the organization for better practices. Stays genuinely open-minded and encourages others to challenge assumptions.', 'Mid-level professionals and specialists');
INSERT INTO competency_levels (id, competency_id, level, description, job_context) VALUES ('cl-0404', 'comp-04', '4', 'Shapes business practices and policies. Introduces new perspectives that shift strategy. Helps others see the upside of doing things differently.', 'Senior professionals and managers');
INSERT INTO competency_levels (id, competency_id, level, description, job_context) VALUES ('cl-0405', 'comp-04', '5', 'Responds nimbly to internal and external challenges. Actively seeks input from all levels and responds constructively to ideas regardless of source.', 'Directors and executives');
INSERT INTO competency_levels (id, competency_id, level, description, job_context) VALUES ('cl-0501', 'comp-05', '1', 'Organizes resources to meet expectations and flags problems early. Plans and coordinates to deliver within deadlines.', 'Entry-level and support roles');
INSERT INTO competency_levels (id, competency_id, level, description, job_context) VALUES ('cl-0502', 'comp-05', '2', 'Allocates resources based on business priorities. Manages timelines and milestones. Advises on procedures and financial implications.', 'Individual contributors with some experience');
INSERT INTO competency_levels (id, competency_id, level, description, job_context) VALUES ('cl-0503', 'comp-05', '3', 'Controls resources within their scope. Identifies what''s needed to support current work. Manages delivery processes and deadlines.', 'Mid-level professionals and specialists');
INSERT INTO competency_levels (id, competency_id, level, description, job_context) VALUES ('cl-0504', 'comp-05', '4', 'Develops practical solutions to resource constraints. Allocates budget in line with goals and priorities. Organizes workflows efficiently to deliver on time.', 'Senior professionals and managers');
INSERT INTO competency_levels (id, competency_id, level, description, job_context) VALUES ('cl-0505', 'comp-05', '5', 'Redefines priorities and reorganizes teams to meet shifting demands. Evaluates financial impact of decisions and develops strategies to address resource gaps.', 'Directors and executives');
INSERT INTO competency_levels (id, competency_id, level, description, job_context) VALUES ('cl-0601', 'comp-06', '1', 'Proactively collaborates and helps colleagues deliver their work. Shares relevant information and seeks input. Expresses opinions while staying respectful and grounded in facts.', 'Entry-level and support roles');
INSERT INTO competency_levels (id, competency_id, level, description, job_context) VALUES ('cl-0602', 'comp-06', '2', 'Supports others'' independent action. Resolves issues with minimal direction. Builds on teammates'' ideas. Takes on extra responsibility to help the team succeed.', 'Individual contributors with some experience');
INSERT INTO competency_levels (id, competency_id, level, description, job_context) VALUES ('cl-0603', 'comp-06', '3', 'Takes accountability for work delegated to others. Seeks out complementary skills. Creates space for dissenting views. Handles team conflict sensitively and fairly.', 'Mid-level professionals and specialists');
INSERT INTO competency_levels (id, competency_id, level, description, job_context) VALUES ('cl-0604', 'comp-06', '4', 'Provides clear direction and priorities. Delegates meaningfully and holds people accountable. Facilitates conflict resolution. Recognizes individual and team contributions.', 'Senior professionals and managers');
INSERT INTO competency_levels (id, competency_id, level, description, job_context) VALUES ('cl-0605', 'comp-06', '5', 'Makes assignments across organizational boundaries to enable collaboration. Delegates authority appropriately. Sets clear expectations for output. Addresses conflict at the organizational level.', 'Directors and executives');
INSERT INTO competency_levels (id, competency_id, level, description, job_context) VALUES ('cl-0701', 'comp-07', '1', 'Responds to client needs promptly and professionally, regardless of the client''s attitude. Shows clients their perspective matters. Consistently meets service standards.', 'Entry-level and support roles');
INSERT INTO competency_levels (id, competency_id, level, description, job_context) VALUES ('cl-0702', 'comp-07', '2', 'Follows up during and after delivery to ensure needs are met. Keeps clients informed about progress and changes. Prioritizes and addresses client issues appropriately.', 'Individual contributors with some experience');
INSERT INTO competency_levels (id, competency_id, level, description, job_context) VALUES ('cl-0703', 'comp-07', '3', 'Synthesizes trends into clear pictures for clients. Adds value beyond what''s explicitly requested. Anticipates upcoming needs and explores long-term concerns.', 'Mid-level professionals and specialists');
INSERT INTO competency_levels (id, competency_id, level, description, job_context) VALUES ('cl-0704', 'comp-07', '4', 'Acts as a trusted advisor on complex problems. Gives clients honest feedback on issues. Advocates for client needs while balancing organizational interests.', 'Senior professionals and managers');
INSERT INTO competency_levels (id, competency_id, level, description, job_context) VALUES ('cl-0705', 'comp-07', '5', 'Leverages personal reputation and expertise to build client confidence. Knows when to push clients on difficult issues. Shapes long-term strategy to meet evolving client needs.', 'Directors and executives');
INSERT INTO competency_levels (id, competency_id, level, description, job_context) VALUES ('cl-0801', 'comp-08', '1', 'Listens actively and adjusts behavior based on others'' concerns. Understands what motivates people''s actions. Shows cultural awareness. Expresses frustration constructively.', 'Entry-level and support roles');
INSERT INTO competency_levels (id, competency_id, level, description, job_context) VALUES ('cl-0802', 'comp-08', '2', 'Accurately reads people''s concerns and responds helpfully. Understands underlying motivations. Stays attentive to cultural and background differences. Channels negative feelings productively.', 'Individual contributors with some experience');
INSERT INTO competency_levels (id, competency_id, level, description, job_context) VALUES ('cl-0803', 'comp-08', '3', 'Stays objective when their positions are challenged. Helps others contribute across cultural barriers. Remains composed when receiving criticism.', 'Mid-level professionals and specialists');
INSERT INTO competency_levels (id, competency_id, level, description, job_context) VALUES ('cl-0804', 'comp-08', '4', 'Recognizes and responds to underlying attitudes, cultural norms, and personality patterns. Frames ideas to avoid triggering defensive reactions. Manages their own frustration purposefully.', 'Senior professionals and managers');
INSERT INTO competency_levels (id, competency_id, level, description, job_context) VALUES ('cl-0805', 'comp-08', '5', 'Makes their case tactfully with senior stakeholders. Knows when to hold firm and when to flex. Accurately reads unspoken thoughts and feelings and acts on that understanding.', 'Directors and executives');
INSERT INTO competency_levels (id, competency_id, level, description, job_context) VALUES ('cl-0901', 'comp-09', '1', 'Confirms understanding of others'' communication. Maintains open, consistent dialogue. Builds on successful initiatives to gain support. Adapts arguments to what others care about.', 'Entry-level and support roles');
INSERT INTO competency_levels (id, competency_id, level, description, job_context) VALUES ('cl-0902', 'comp-09', '2', 'Uses concrete examples to make points. Incorporates others'' main concerns into their communication. Reads the room and adjusts approach to land messages effectively.', 'Individual contributors with some experience');
INSERT INTO competency_levels (id, competency_id, level, description, job_context) VALUES ('cl-0903', 'comp-09', '3', 'Makes compelling arguments for their conclusions. Understands complex underlying needs and emotions and adjusts communication accordingly.', 'Mid-level professionals and specialists');
INSERT INTO competency_levels (id, competency_id, level, description, job_context) VALUES ('cl-0904', 'comp-09', '4', 'Communicates complex issues credibly to diverse audiences. Scans for key information to shape communication strategy. Uses situations strategically to maximize favorable outcomes.', 'Senior professionals and managers');
INSERT INTO competency_levels (id, competency_id, level, description, job_context) VALUES ('cl-0905', 'comp-09', '5', 'Handles high-exposure strategic communication for the organization. Fields difficult questions from senior stakeholders, officials, and media. Builds coalitions and behind-the-scenes support for ideas.', 'Directors and executives');
INSERT INTO competency_levels (id, competency_id, level, description, job_context) VALUES ('cl-1001', 'comp-10', '1', 'Identifies the main points at stake and engages in negotiation. Listens to different viewpoints and promotes mutual understanding.', 'Entry-level and support roles');
INSERT INTO competency_levels (id, competency_id, level, description, job_context) VALUES ('cl-1002', 'comp-10', '2', 'Identifies key negotiating points and engages constructively. Listens to differing perspectives and works toward common ground.', 'Individual contributors with some experience');
INSERT INTO competency_levels (id, competency_id, level, description, job_context) VALUES ('cl-1003', 'comp-10', '3', 'Identifies what the other party minimally needs versus ideally wants. Negotiates based on firsthand information rather than assumptions or hearsay.', 'Mid-level professionals and specialists');
INSERT INTO competency_levels (id, competency_id, level, description, job_context) VALUES ('cl-1004', 'comp-10', '4', 'Prepares and runs negotiation meetings effectively. Negotiates constructively on difficult issues. Makes realistic compromises. Stays emotionally detached from conflicts that arise. Focuses on value-added outcomes.', 'Senior professionals and managers');
INSERT INTO competency_levels (id, competency_id, level, description, job_context) VALUES ('cl-1005', 'comp-10', '5', 'Works toward win-win outcomes in high-stakes negotiations. Explores creative solutions to overcome opposition. Leads negotiations with significant organizational impact. Adapts negotiating style to context and counterpart.', 'Directors and executives');
INSERT INTO competency_levels (id, competency_id, level, description, job_context) VALUES ('cl-1101', 'comp-11', '1', 'Understands the environment the organization operates in. Uses organizational structures, rules, and networks effectively. Respects organizational values and conduct standards.', 'Entry-level and support roles');
INSERT INTO competency_levels (id, competency_id, level, description, job_context) VALUES ('cl-1102', 'comp-11', '2', 'Understands decision-making bodies and power relationships. Keeps up with organizational rules and structures. Recognizes what''s possible given current constraints. Raises compliance or ethical issues appropriately.', 'Individual contributors with some experience');
INSERT INTO competency_levels (id, competency_id, level, description, job_context) VALUES ('cl-1103', 'comp-11', '3', 'Anticipates outcomes based on understanding of how decisions actually get made. Helps others stay current on organizational dynamics.', 'Mid-level professionals and specialists');
INSERT INTO competency_levels (id, competency_id, level, description, job_context) VALUES ('cl-1104', 'comp-11', '4', 'Knows when the moment is right for action based on organizational positioning. Manages compliance and ethical issues to protect the organization''s reputation.', 'Senior professionals and managers');
INSERT INTO competency_levels (id, competency_id, level, description, job_context) VALUES ('cl-1105', 'comp-11', '5', 'Uses knowledge of organizational politics to handle complex situations with discretion. Understands related organizations and uses that knowledge to influence and lead. Takes ownership of protecting organizational reputation.', 'Directors and executives');
INSERT INTO competency_levels (id, competency_id, level, description, job_context) VALUES ('cl-1201', 'comp-12', '1', 'Takes advantage of learning opportunities to meet current job requirements. Sets clear expectations for their own development.', 'Entry-level and support roles');
INSERT INTO competency_levels (id, competency_id, level, description, job_context) VALUES ('cl-1202', 'comp-12', '2', 'Shares knowledge with peers and advises less experienced colleagues. Self-assesses against role standards to identify learning needs. Transfers knowledge effectively. Shows initiative in professional growth.', 'Individual contributors with some experience');
INSERT INTO competency_levels (id, competency_id, level, description, job_context) VALUES ('cl-1203', 'comp-12', '3', 'Helps others learn from experience. Recommends development resources. Continuously acquires new knowledge to improve performance. Gives constructive feedback.', 'Mid-level professionals and specialists');
INSERT INTO competency_levels (id, competency_id, level, description, job_context) VALUES ('cl-1204', 'comp-12', '4', 'Builds teams with complementary skills who learn from each other. Plans learning targeted to developmental needs. Encourages people to take on stretch responsibilities. Gives precise, fact-based feedback with actionable suggestions.', 'Senior professionals and managers');
INSERT INTO competency_levels (id, competency_id, level, description, job_context) VALUES ('cl-1205', 'comp-12', '5', 'Delegates with real authority and encourages people to develop their own approaches. Promotes cross-organizational learning. Develops transparency about staff potential. Models commitment to development. Encourages other leaders to invest in their people.', 'Directors and executives');
INSERT INTO competency_levels (id, competency_id, level, description, job_context) VALUES ('cl-1301', 'comp-13', '1', 'Understands organizational goals and how their work connects to them. Can explain how their role contributes to the bigger picture.', 'Entry-level and support roles');
INSERT INTO competency_levels (id, competency_id, level, description, job_context) VALUES ('cl-1302', 'comp-13', '2', 'Presents organizational priorities as they relate to their area. Explains why changes to policies or methods are necessary and gets others on board.', 'Individual contributors with some experience');
INSERT INTO competency_levels (id, competency_id, level, description, job_context) VALUES ('cl-1303', 'comp-13', '3', 'Monitors developments that may affect organizational direction. Helps others understand strategic goals and how their work fits in.', 'Mid-level professionals and specialists');
INSERT INTO competency_levels (id, competency_id, level, description, job_context) VALUES ('cl-1304', 'comp-13', '4', 'Creates shared understanding of organizational needs and direction to rally teams. Develops and implements projects aligned with strategic priorities.', 'Senior professionals and managers');
INSERT INTO competency_levels (id, competency_id, level, description, job_context) VALUES ('cl-1305', 'comp-13', '5', 'Uses multiple channels to communicate organizational direction. Develops strategy for their unit that connects team success to organizational success. Ensures initiatives align with broader strategic priorities. Aligns people, processes, and structures with strategic needs.', 'Directors and executives');
INSERT INTO competency_levels (id, competency_id, level, description, job_context) VALUES ('cl-1401', 'comp-14', '1', 'Actively maintains formal and informal contacts to facilitate work. Identifies contacts who can provide information or assistance. Builds trust by handling sensitive information appropriately.', 'Entry-level and support roles');
INSERT INTO competency_levels (id, competency_id, level, description, job_context) VALUES ('cl-1402', 'comp-14', '2', 'Nurtures contacts by sharing information, best practices, and expertise proactively. Leverages past and current relationships for work-related support. Maintains confidentiality to build trust.', 'Individual contributors with some experience');
INSERT INTO competency_levels (id, competency_id, level, description, job_context) VALUES ('cl-1403', 'comp-14', '3', 'Evaluates their network for effectiveness in achieving objectives. Identifies and creates opportunities for new connections that support strategic goals in their area.', 'Mid-level professionals and specialists');
INSERT INTO competency_levels (id, competency_id, level, description, job_context) VALUES ('cl-1404', 'comp-14', '4', 'Continuously expands their network to meet strategic goals. Creates opportunities for partnerships that advance strategic objectives.', 'Senior professionals and managers');
INSERT INTO competency_levels (id, competency_id, level, description, job_context) VALUES ('cl-1405', 'comp-14', '5', 'Manages relationships across key external organizations and entities to create long-term opportunities. Leverages established networks for strategic intelligence and positioning in important forums.', 'Directors and executives');
INSERT INTO competency_levels (id, competency_id, level, description, job_context) VALUES ('cl-1501', 'comp-15', '1', 'Identifies new information relevant to key decision-makers and stakeholders.', 'Entry-level and support roles');
INSERT INTO competency_levels (id, competency_id, level, description, job_context) VALUES ('cl-1502', 'comp-15', '2', 'Surfaces new data that supports others'' understanding and decisions.', 'Individual contributors with some experience');
INSERT INTO competency_levels (id, competency_id, level, description, job_context) VALUES ('cl-1503', 'comp-15', '3', 'Understands how their work impacts organizational strategy and vice versa. Identifies implications of their analysis.', 'Mid-level professionals and specialists');
INSERT INTO competency_levels (id, competency_id, level, description, job_context) VALUES ('cl-1504', 'comp-15', '4', 'Considers emerging opportunities and risks when recommending new directions. Maintains strategic perspective while attending to crucial details.', 'Senior professionals and managers');
INSERT INTO competency_levels (id, competency_id, level, description, job_context) VALUES ('cl-1505', 'comp-15', '5', 'Understands the organization''s position in the larger context—strengths, weaknesses, opportunities, threats, and competitive differentiators. Keeps the big picture in view while setting priorities and direction.', 'Directors and executives');

-- skills_master.csv -> skills (1336 rows)
INSERT INTO skills (id, name, category, is_custom, created_by, review_status, created_at) VALUES ('200000', 'initiate', 'transferable', '0', NULL, 'approved', '2025-01-07T00:00:00Z');
INSERT INTO skills (id, name, category, is_custom, created_by, review_status, created_at) VALUES ('200001', 'lead', 'transferable', '0', NULL, 'approved', '2025-01-07T00:00:00Z');
INSERT INTO skills (id, name, category, is_custom, created_by, review_status, created_at) VALUES ('200002', 'pioneer', 'transferable', '0', NULL, 'approved', '2025-01-07T00:00:00Z');
INSERT INTO skills (id, name, category, is_custom, created_by, review_status, created_at) VALUES ('200003', 'supervise', 'transferable', '0', NULL, 'approved', '2025-01-07T00:00:00Z');
INSERT INTO skills (id, name, category, is_custom, created_by, review_status, created_at) VALUES ('200004', 'manage', 'transferable', '0', NULL, 'approved', '2025-01-07T00:00:00Z');
INSERT INTO skills (id, name, category, is_custom, created_by, review_status, created_at) VALUES ('200005', 'follow through', 'transferable', '0', NULL, 'approved', '2025-01-07T00:00:00Z');
INSERT INTO skills (id, name, category, is_custom, created_by, review_status, created_at) VALUES ('200006', 'accomplish', 'transferable', '0', NULL, 'approved', '2025-01-07T00:00:00Z');
INSERT INTO skills (id, name, category, is_custom, created_by, review_status, created_at) VALUES ('200007', 'motivate', 'transferable', '0', NULL, 'approved', '2025-01-07T00:00:00Z');
INSERT INTO skills (id, name, category, is_custom, created_by, review_status, created_at) VALUES ('200008', 'persuade', 'transferable', '0', NULL, 'approved', '2025-01-07T00:00:00Z');
INSERT INTO skills (id, name, category, is_custom, created_by, review_status, created_at) VALUES ('200009', 'sell', 'transferable', '0', NULL, 'approved', '2025-01-07T00:00:00Z');
INSERT INTO skills (id, name, category, is_custom, created_by, review_status, created_at) VALUES ('200010', 'recruit', 'transferable', '0', NULL, 'approved', '2025-01-07T00:00:00Z');
INSERT INTO skills (id, name, category, is_custom, created_by, review_status, created_at) VALUES ('200011', 'consult', 'transferable', '0', NULL, 'approved', '2025-01-07T00:00:00Z');
INSERT INTO skills (id, name, category, is_custom, created_by, review_status, created_at) VALUES ('200012', 'advise', 'transferable', '0', NULL, 'approved', '2025-01-07T00:00:00Z');
INSERT INTO skills (id, name, category, is_custom, created_by, review_status, created_at) VALUES ('200013', 'coordinate', 'transferable', '0', NULL, 'approved', '2025-01-07T00:00:00Z');
INSERT INTO skills (id, name, category, is_custom, created_by, review_status, created_at) VALUES ('200014', 'negotiate', 'transferable', '0', NULL, 'approved', '2025-01-07T00:00:00Z');
INSERT INTO skills (id, name, category, is_custom, created_by, review_status, created_at) VALUES ('200015', 'resolve conflict', 'transferable', '0', NULL, 'approved', '2025-01-07T00:00:00Z');
INSERT INTO skills (id, name, category, is_custom, created_by, review_status, created_at) VALUES ('200016', 'network', 'transferable', '0', NULL, 'approved', '2025-01-07T00:00:00Z');
INSERT INTO skills (id, name, category, is_custom, created_by, review_status, created_at) VALUES ('200017', 'connect', 'transferable', '0', NULL, 'approved', '2025-01-07T00:00:00Z');
INSERT INTO skills (id, name, category, is_custom, created_by, review_status, created_at) VALUES ('200018', 'heal', 'transferable', '0', NULL, 'approved', '2025-01-07T00:00:00Z');
INSERT INTO skills (id, name, category, is_custom, created_by, review_status, created_at) VALUES ('200019', 'cure', 'transferable', '0', NULL, 'approved', '2025-01-07T00:00:00Z');
INSERT INTO skills (id, name, category, is_custom, created_by, review_status, created_at) VALUES ('200020', 'assess', 'transferable', '0', NULL, 'approved', '2025-01-07T00:00:00Z');
INSERT INTO skills (id, name, category, is_custom, created_by, review_status, created_at) VALUES ('200021', 'evaluate', 'transferable', '0', NULL, 'approved', '2025-01-07T00:00:00Z');
INSERT INTO skills (id, name, category, is_custom, created_by, review_status, created_at) VALUES ('200022', 'treat', 'transferable', '0', NULL, 'approved', '2025-01-07T00:00:00Z');
INSERT INTO skills (id, name, category, is_custom, created_by, review_status, created_at) VALUES ('200023', 'empathize', 'transferable', '0', NULL, 'approved', '2025-01-07T00:00:00Z');
INSERT INTO skills (id, name, category, is_custom, created_by, review_status, created_at) VALUES ('200024', 'interview', 'transferable', '0', NULL, 'approved', '2025-01-07T00:00:00Z');
INSERT INTO skills (id, name, category, is_custom, created_by, review_status, created_at) VALUES ('200025', 'comfort', 'transferable', '0', NULL, 'approved', '2025-01-07T00:00:00Z');
INSERT INTO skills (id, name, category, is_custom, created_by, review_status, created_at) VALUES ('200026', 'encourage', 'transferable', '0', NULL, 'approved', '2025-01-07T00:00:00Z');
INSERT INTO skills (id, name, category, is_custom, created_by, review_status, created_at) VALUES ('200027', 'build esteem', 'transferable', '0', NULL, 'approved', '2025-01-07T00:00:00Z');
INSERT INTO skills (id, name, category, is_custom, created_by, review_status, created_at) VALUES ('200028', 'counsel', 'transferable', '0', NULL, 'approved', '2025-01-07T00:00:00Z');
INSERT INTO skills (id, name, category, is_custom, created_by, review_status, created_at) VALUES ('200029', 'instruct', 'transferable', '0', NULL, 'approved', '2025-01-07T00:00:00Z');
INSERT INTO skills (id, name, category, is_custom, created_by, review_status, created_at) VALUES ('200030', 'teach', 'transferable', '0', NULL, 'approved', '2025-01-07T00:00:00Z');
INSERT INTO skills (id, name, category, is_custom, created_by, review_status, created_at) VALUES ('200031', 'tutor', 'transferable', '0', NULL, 'approved', '2025-01-07T00:00:00Z');
INSERT INTO skills (id, name, category, is_custom, created_by, review_status, created_at) VALUES ('200032', 'train', 'transferable', '0', NULL, 'approved', '2025-01-07T00:00:00Z');
INSERT INTO skills (id, name, category, is_custom, created_by, review_status, created_at) VALUES ('200033', 'speak', 'transferable', '0', NULL, 'approved', '2025-01-07T00:00:00Z');
INSERT INTO skills (id, name, category, is_custom, created_by, review_status, created_at) VALUES ('200034', 'listen', 'transferable', '0', NULL, 'approved', '2025-01-07T00:00:00Z');
INSERT INTO skills (id, name, category, is_custom, created_by, review_status, created_at) VALUES ('200035', 'guide', 'transferable', '0', NULL, 'approved', '2025-01-07T00:00:00Z');
INSERT INTO skills (id, name, category, is_custom, created_by, review_status, created_at) VALUES ('200036', 'mentor', 'transferable', '0', NULL, 'approved', '2025-01-07T00:00:00Z');
INSERT INTO skills (id, name, category, is_custom, created_by, review_status, created_at) VALUES ('200037', 'communicate in person', 'transferable', '0', NULL, 'approved', '2025-01-07T00:00:00Z');
INSERT INTO skills (id, name, category, is_custom, created_by, review_status, created_at) VALUES ('200038', 'communicate in writing', 'transferable', '0', NULL, 'approved', '2025-01-07T00:00:00Z');
INSERT INTO skills (id, name, category, is_custom, created_by, review_status, created_at) VALUES ('200039', 'communicate digitally', 'transferable', '0', NULL, 'approved', '2025-01-07T00:00:00Z');
INSERT INTO skills (id, name, category, is_custom, created_by, review_status, created_at) VALUES ('200040', 'divert', 'transferable', '0', NULL, 'approved', '2025-01-07T00:00:00Z');
INSERT INTO skills (id, name, category, is_custom, created_by, review_status, created_at) VALUES ('200041', 'amuse', 'transferable', '0', NULL, 'approved', '2025-01-07T00:00:00Z');
INSERT INTO skills (id, name, category, is_custom, created_by, review_status, created_at) VALUES ('200042', 'entertain', 'transferable', '0', NULL, 'approved', '2025-01-07T00:00:00Z');
INSERT INTO skills (id, name, category, is_custom, created_by, review_status, created_at) VALUES ('200043', 'perform', 'transferable', '0', NULL, 'approved', '2025-01-07T00:00:00Z');
INSERT INTO skills (id, name, category, is_custom, created_by, review_status, created_at) VALUES ('200044', 'act', 'transferable', '0', NULL, 'approved', '2025-01-07T00:00:00Z');
INSERT INTO skills (id, name, category, is_custom, created_by, review_status, created_at) VALUES ('200045', 'play an instrument', 'transferable', '0', NULL, 'approved', '2025-01-07T00:00:00Z');
INSERT INTO skills (id, name, category, is_custom, created_by, review_status, created_at) VALUES ('200046', 'interpret', 'transferable', '0', NULL, 'approved', '2025-01-07T00:00:00Z');
INSERT INTO skills (id, name, category, is_custom, created_by, review_status, created_at) VALUES ('200047', 'translate', 'transferable', '0', NULL, 'approved', '2025-01-07T00:00:00Z');
INSERT INTO skills (id, name, category, is_custom, created_by, review_status, created_at) VALUES ('200048', 'serve', 'transferable', '0', NULL, 'approved', '2025-01-07T00:00:00Z');
INSERT INTO skills (id, name, category, is_custom, created_by, review_status, created_at) VALUES ('200049', 'care for', 'transferable', '0', NULL, 'approved', '2025-01-07T00:00:00Z');
INSERT INTO skills (id, name, category, is_custom, created_by, review_status, created_at) VALUES ('200050', 'follow', 'transferable', '0', NULL, 'approved', '2025-01-07T00:00:00Z');
INSERT INTO skills (id, name, category, is_custom, created_by, review_status, created_at) VALUES ('200051', 'use intuition', 'transferable', '0', NULL, 'approved', '2025-01-07T00:00:00Z');
INSERT INTO skills (id, name, category, is_custom, created_by, review_status, created_at) VALUES ('200052', 'create', 'transferable', '0', NULL, 'approved', '2025-01-07T00:00:00Z');
INSERT INTO skills (id, name, category, is_custom, created_by, review_status, created_at) VALUES ('200053', 'innovate', 'transferable', '0', NULL, 'approved', '2025-01-07T00:00:00Z');
INSERT INTO skills (id, name, category, is_custom, created_by, review_status, created_at) VALUES ('200054', 'invent', 'transferable', '0', NULL, 'approved', '2025-01-07T00:00:00Z');
INSERT INTO skills (id, name, category, is_custom, created_by, review_status, created_at) VALUES ('200055', 'design', 'transferable', '0', NULL, 'approved', '2025-01-07T00:00:00Z');
INSERT INTO skills (id, name, category, is_custom, created_by, review_status, created_at) VALUES ('200056', 'visualize', 'transferable', '0', NULL, 'approved', '2025-01-07T00:00:00Z');
INSERT INTO skills (id, name, category, is_custom, created_by, review_status, created_at) VALUES ('200057', 'imagine', 'transferable', '0', NULL, 'approved', '2025-01-07T00:00:00Z');
INSERT INTO skills (id, name, category, is_custom, created_by, review_status, created_at) VALUES ('200058', 'think', 'transferable', '0', NULL, 'approved', '2025-01-07T00:00:00Z');
INSERT INTO skills (id, name, category, is_custom, created_by, review_status, created_at) VALUES ('200059', 'synthesize', 'transferable', '0', NULL, 'approved', '2025-01-07T00:00:00Z');
INSERT INTO skills (id, name, category, is_custom, created_by, review_status, created_at) VALUES ('200060', 'systematize', 'transferable', '0', NULL, 'approved', '2025-01-07T00:00:00Z');
INSERT INTO skills (id, name, category, is_custom, created_by, review_status, created_at) VALUES ('200061', 'prioritize', 'transferable', '0', NULL, 'approved', '2025-01-07T00:00:00Z');
INSERT INTO skills (id, name, category, is_custom, created_by, review_status, created_at) VALUES ('200062', 'organize', 'transferable', '0', NULL, 'approved', '2025-01-07T00:00:00Z');
INSERT INTO skills (id, name, category, is_custom, created_by, review_status, created_at) VALUES ('200063', 'classify', 'transferable', '0', NULL, 'approved', '2025-01-07T00:00:00Z');
INSERT INTO skills (id, name, category, is_custom, created_by, review_status, created_at) VALUES ('200064', 'recognize patterns', 'transferable', '0', NULL, 'approved', '2025-01-07T00:00:00Z');
INSERT INTO skills (id, name, category, is_custom, created_by, review_status, created_at) VALUES ('200065', 'analyze', 'transferable', '0', NULL, 'approved', '2025-01-07T00:00:00Z');
INSERT INTO skills (id, name, category, is_custom, created_by, review_status, created_at) VALUES ('200066', 'compute', 'transferable', '0', NULL, 'approved', '2025-01-07T00:00:00Z');
INSERT INTO skills (id, name, category, is_custom, created_by, review_status, created_at) VALUES ('200067', 'remember', 'transferable', '0', NULL, 'approved', '2025-01-07T00:00:00Z');
INSERT INTO skills (id, name, category, is_custom, created_by, review_status, created_at) VALUES ('200068', 'develop', 'transferable', '0', NULL, 'approved', '2025-01-07T00:00:00Z');
INSERT INTO skills (id, name, category, is_custom, created_by, review_status, created_at) VALUES ('200069', 'improve', 'transferable', '0', NULL, 'approved', '2025-01-07T00:00:00Z');
INSERT INTO skills (id, name, category, is_custom, created_by, review_status, created_at) VALUES ('200070', 'problem solve', 'transferable', '0', NULL, 'approved', '2025-01-07T00:00:00Z');
INSERT INTO skills (id, name, category, is_custom, created_by, review_status, created_at) VALUES ('200071', 'plan', 'transferable', '0', NULL, 'approved', '2025-01-07T00:00:00Z');
INSERT INTO skills (id, name, category, is_custom, created_by, review_status, created_at) VALUES ('200072', 'program', 'transferable', '0', NULL, 'approved', '2025-01-07T00:00:00Z');
INSERT INTO skills (id, name, category, is_custom, created_by, review_status, created_at) VALUES ('200073', 'research', 'transferable', '0', NULL, 'approved', '2025-01-07T00:00:00Z');
INSERT INTO skills (id, name, category, is_custom, created_by, review_status, created_at) VALUES ('200074', 'examine', 'transferable', '0', NULL, 'approved', '2025-01-07T00:00:00Z');
INSERT INTO skills (id, name, category, is_custom, created_by, review_status, created_at) VALUES ('200075', 'inspect', 'transferable', '0', NULL, 'approved', '2025-01-07T00:00:00Z');
INSERT INTO skills (id, name, category, is_custom, created_by, review_status, created_at) VALUES ('200076', 'compare', 'transferable', '0', NULL, 'approved', '2025-01-07T00:00:00Z');
INSERT INTO skills (id, name, category, is_custom, created_by, review_status, created_at) VALUES ('200077', 'contrast', 'transferable', '0', NULL, 'approved', '2025-01-07T00:00:00Z');
INSERT INTO skills (id, name, category, is_custom, created_by, review_status, created_at) VALUES ('200078', 'observe', 'transferable', '0', NULL, 'approved', '2025-01-07T00:00:00Z');
INSERT INTO skills (id, name, category, is_custom, created_by, review_status, created_at) VALUES ('200079', 'study', 'transferable', '0', NULL, 'approved', '2025-01-07T00:00:00Z');
INSERT INTO skills (id, name, category, is_custom, created_by, review_status, created_at) VALUES ('200080', 'compile', 'transferable', '0', NULL, 'approved', '2025-01-07T00:00:00Z');
INSERT INTO skills (id, name, category, is_custom, created_by, review_status, created_at) VALUES ('200081', 'record', 'transferable', '0', NULL, 'approved', '2025-01-07T00:00:00Z');
INSERT INTO skills (id, name, category, is_custom, created_by, review_status, created_at) VALUES ('200082', 'file', 'transferable', '0', NULL, 'approved', '2025-01-07T00:00:00Z');
INSERT INTO skills (id, name, category, is_custom, created_by, review_status, created_at) VALUES ('200083', 'retrieve', 'transferable', '0', NULL, 'approved', '2025-01-07T00:00:00Z');
